{
  "nodes": {
    "0": {
      "type": "plc_tx",
      "x": 120,
      "y": 280,
      "name": "PLC-TX",
      "Z": 75
    },
    "1": {
      "type": "node",
      "x": 320,
      "y": 280,
      "name": "Вузол-1",
      "Z": 75.0
    },
    "3": {
      "type": "plc_rx",
      "x": 580,
      "y": 280,
      "name": "PLC-RX",
      "Z": 75
    },
    "4": {
      "type": "load",
      "x": 320,
      "y": 460,
      "name": "Навант-1",
      "Z": 75
    }
  },
  "edges": {
    "0": {
      "n1": 0,
      "n2": 1,
      "L": 30,
      "alpha": 144.19159914523928,
      "beta": 1087.2810467650786,
      "Z0": 66.85105381084132,
      "cable_type": "ШВВП 2×1.5",
      "material": "copper",
      "frequency_mhz": 24.0
    },
    "3": {
      "n1": 1,
      "n2": 4,
      "L": 10,
      "alpha": 144.19159914523928,
      "beta": 1087.2810467650786,
      "Z0": 66.85105381084132,
      "cable_type": "ШВВП 2×1.5",
      "material": "copper",
      "frequency_mhz": 24.0
    },
    "5": {
      "n1": 1,
      "n2": 3,
      "L": 30.0,
      "alpha": 0.04,
      "beta": 0.18,
      "Z0": 150.0,
      "cable_type": "ШВВП 2×1.5",
      "material": null,
      "frequency_mhz": null
    }
  },
  "_nid": 6,
  "_eid": 6
}